hip,name
88,tau_Phe
122,the_Oct
145,29_Psc
154,30_Psc
171,85_Peg
183,zet_Scl
186,31_Psc
194,c_Psc/32_Psc
301,2_Cet
330,9_Cas
355,3_Cet
443,33_Psc
476,86_Peg
531,10_Cas
664,5_Cet
677,alf_And/21_And/del_Peg/Alpheratz
729,87_Peg
746,bet_Cas/11_Cas/Caph
761,kap01_Scl
765,eps_Phe
813,34_Psc
814,gam03_Oct
841,22_And
910,6_Cet
930,kap02_Scl
950,the_Scl
1067,gam_Peg/88_Peg/Algenib
1086,23_And
1168,chi_Peg/89_Peg
1170,7_Cet
1196,35_Psc
1319,36_Psc
1366,the_And/24_And
1473,sig_And/25_And
1501,26_And
1562,iot_Cet/8_Cet
1599,zet_Tuc
1645,d_Psc/41_Psc
1647,pi._Tuc
1686,rho_And/27_And
1708,iot_Scl
1772,42_Psc
1803,9_Cet
1960,12_Cas
2006,44_Psc
2021,bet_Hyi
2072,kap_Phe
2081,alf_Phe/Ankaa
2100,10_Cet
2210,eta_Scl
2219,47_Psc
2224,48_Psc
2353,12_Cet
2355,28_And
2472,lam01_Phe
2474,13_Cas
2484,bet01_Tuc
2487,bet02_Tuc
2505,lam_Cas/14_Cas
2548,51_Psc
2568,52_Psc
2599,kap_Cas/15_Cas
2629,the_Tuc
2707,16_Cas
2762,13_Cet
2787,14_Cet
2802,lam02_Phe
2903,53_Psc
2912,pi._And/29_And
2920,zet_Cas/17_Cas
3031,eps_And/30_And
3092,del_And/31_And
3093,54_Psc
3138,55_Psc
3179,alf_Cas/18_Cas/Shedir
3231,32_And
3245,mu._Phe
3277,ksi_Phe
3300,ksi_Cas/19_Cas
3330,rho_Tuc
3356,lam01_Scl
3405,eta_Phe
3414,pi._Cas/20_Cas
3419,bet_Cet/16_Cet/Diphda
3455,phi01_Cet/17_Cet
3456,lam02_Scl
3504,omi_Cas/22_Cas
3559,18_Cet
3572,21_Cas
3632,57_Psc
3675,58_Psc
3685,59_Psc
3693,zet_And/34_And
3697,60_Psc
3721,23_Cas
3730,61_Psc
3760,62_Psc
3781,lam_Hyi
3786,del_Psc/63_Psc
3801,nu._Cas/25_Cas
3810,64_Psc
3821,eta_Cas/24_Cas
3829,Van Maanen 2
3881,nu._And/35_And
3885,65_Psc
3909,phi02_Cet/19_Cet
3949,rho_Phe
4084,lam01_Tuc
4147,20_Cet
4257,21_Cet
4267,66_Psc
4288,36_And
4292,ups01_Cas/26_Cas
4293,lam_Tuc/lam02_Tuc
4366,k_Psc/67_Psc
4371,phi03_Cet/22_Cet
4422,ups02_Cas/28_Cas
4427,gam_Cas/27_Cas
4436,mu._And/37_And
4463,eta_And/38_And
4510,h_Psc/68_Psc
4577,alf_Scl
4587,phi04_Cet/23_Cet
4770,ksi_Scl
4852,sig_Scl
4889,sig_Psc/69_Psc
4903,39_And
4906,eps_Psc/71_Psc
4914,25_Cet
4979,26_Cet
5074,73_Psc
5081,72_Psc
5121,27_Cet
5131,psi01_Psc_A/74_Psc_A
5132,psi01_Psc_B/74_Psc_B
5141,77_Psc_B
5144,77_Psc_A
5164,28_Cet
5165,bet_Phe
5204,75_Psc
5268,iot_Tuc
5296,30_Cet
5300,ups_Phe
5310,psi02_Psc/79_Psc
5317,41_And
5319,78_Psc
5336,mu._Cas/30_Cas
5346,e_Psc/80_Psc
5348,zet_Phe
5364,eta_Cet/31_Cet
5434,phi_And/42_And
5447,bet_And/43_And/Mirach
5454,psi03_Psc/81_Psc
5485,32_Cet
5493,44_And
5510,33_Cet
5518,31_Cas
5542,the_Cas/33_Cas
5544,g_Psc/82_Psc
5550,45_And
5571,chi_Psc/84_Psc
5586,tau_Psc/83_Psc
5589,32_Cas
5594,34_Cet
5737,zet_Psc_A/86_Psc_A
5742,phi_Psc/85_Psc
5743,zet_Psc_B/86_Psc_B
5778,87_Psc
5799,37_Cet
5824,88_Psc
5833,38_Cet
5862,nu._Phe
5896,kap_Tuc
5951,39_Cet
6061,f_Psc/89_Psc
6193,ups_Psc/90_Psc
6226,42_Cet
6242,phi_Cas/34_Cas
6312,35_Cas
6315,l_Psc/91_Psc
6411,ksi_And/46_And
6429,43_Cet
6514,47_And
6537,the_Cet/45_Cet
6539,44_Cet
6670,46_Cet
6686,del_Cas/37_Cas
6692,psi_Cas/36_Cas
6706,rho_Psc/93_Psc
6732,94_Psc
6748,47_Cet
6813,ome_And/48_And
6867,gam_Phe
6960,48_Cet
6981,97_Psc
6999,49_And
7007,mu._Psc/98_Psc
7078,38_Cas
7083,del_Phe
7097,eta_Psc/99_Psc
7294,chi_Cas/39_Cas
7345,49_Cet
7436,101_Psc
7450,50_Cet
7463,tau_Scl
7513,ups_And/50_And
7535,pi._Psc/102_Psc
7588,alf_Eri/Achernar
7607,51_And/ups_Per
7650,40_Cas
7719,chi_And/52_And
7740,105_Psc
7751,p_Eri
7818,tau_And/53_And
7879,tau01_Hyi
7884,nu._Psc/106_Psc
7955,pi._Scl
7965,43_Cas
7978,q01_Eri
7981,107_Psc
8016,42_Cas
8046,44_Cas
8068,phi_Per
8102,tau_Cet/52_Cet
8159,109_Psc
8198,omi_Psc/110_Psc
8209,eps_Scl
8241,q02_Eri
8366,tau02_Hyi
8387,4_Ari
8497,chi_Cet/53_Cet
8544,1_Ari
8645,zet_Cet/55_Cet
8704,1_Per
8714,2_Per
8796,alf_Tri/2_Tri
8814,55_And
8832,gam01_Ari/gam02_Ari/5_Ari
8833,ksi_Psc/111_Psc
8837,psi_Phe
8882,phi_Phe
8886,eps_Cas/45_Cas
8903,bet_Ari/6_Ari
8928,eta02_Hyi
8991,sig_Hyi
8993,7_Ari
9007,chi_Eri
9009,ome_Cas/46_Cas
9021,56_And
9061,56_Cet
9110,iot_Ari/8_Ari
9153,lam_Ari/9_Ari
9222,3_Per
9236,alf_Hyi
9326,57_Cet
9347,ups_Cet/59_Cet
9353,112_Psc
9440,pi._For
9459,chi_Phe
9480,48_Cas
9487,alf_Psc/113_Psc
9505,g_Per/4_Per
9564,52_Cas
9570,eps_Tri/3_Tri
9573,53_Cas
9589,60_Cet
9598,50_Cas
9621,10_Ari
9631,61_Cet
9640,gam01_And/gam02_And/57_And/Almaak
9677,nu._For
9727,47_Cas
9763,49_Cas
9836,kap_Ari/12_Ari
9859,11_Ari
9884,alf_Ari/13_Ari/Hamal
9977,58_And
10053,14_Ari
10064,bet_Tri/4_Tri
10155,15_Ari
10176,59_And_A
10180,59_And_B
10203,16_Ari
10212,64_Cet
10220,5_Tri
10227,5_Per
10234,63_Cet
10280,6_Tri
10305,66_Cet
10306,eta_Ari/17_Ari
10320,mu._For
10324,ksi01_Cet/65_Cet
10328,19_Ari
10340,b_And/60_And
10366,6_Per
10418,pi.01_Hyi
10438,55_Cas
10513,pi.02_Hyi
10535,21_Ari
10540,20_Ari
10559,7_Tri
10602,phi_Eri
10642,67_Cet
10644,del_Tri/8_Tri
10670,gam_Tri/9_Tri
10718,8_Per
10729,chi_Per/7_Per
10732,the_Ari/22_Ari
10793,10_Tri
10819,c_And/62_And
10826,omi_Cet/68_Cet/Mira
10944,63_And
11001,del_Hyi
11021,69_Cet
11046,70_Cet
11060,i_Per/9_Per
11072,kap_For
11095,kap_Hyi
11220,64_And
11249,ksi_Ari/24_Ari
11258,lam_Hor
11261,71_Cet
11279,10_Per
11313,65_And
11345,rho_Cet/72_Cet
11407,kap_Eri
11432,11_Tri
11465,66_And
11477,phi_For
11484,ksi02_Cet/73_Cet
11486,12_Tri
11548,13_Tri
11569,iot_Cas
11678,26_Ari
11698,27_Ari
11757,mu._Hyi
11767,alf_UMi/1_UMi/Polaris
11783,sig_Cet/76_Cet
11784,14_Tri
11791,75_Cet
11843,29_Ari
11867,lam01_For
11918,ome_For
12002,77_Cet
12086,15_Tri
12093,nu._Cet/78_Cet
12107,80_Cet
12122,iot01_For
12153,31_Ari
12184,30_Ari_B
12186,lam02_For
12189,30_Ari_A
12225,eta_Hor
12247,81_Cet
12288,iot02_For
12332,nu._Ari/32_Ari
12387,del_Cet/82_Cet
12390,eps_Cet/83_Cet
12394,eps_Hyi
12413,s_Eri
12484,zet_Hor
12486,iot_Eri
12489,33_Ari
12530,84_Cet
12623,12_Per
12640,mu._Ari/34_Ari
12653,iot_Hor
12692,11_Per
12706,gam_Cet/86_Cet
12719,35_Ari
12768,14_Per
12770,pi._Cet/89_Cet
12777,the_Per/13_Per
12784,36_Ari
12803,omi_Ari/37_Ari
12828,mu._Cet/87_Cet
12832,38_Ari
12843,tau01_Eri/1_Eri
12871,gam_Hor
12876,zet_Hyi
13040,eta01_For
13061,39_Ari
13108,40_Ari
13141,nu._Hor
13147,bet_For
13165,pi._Ari/42_Ari
13197,gam01_For
13202,gam02_For
13209,41_Ari
13225,eta02_For
13244,nu._Hyi
13254,16_Per
13265,eta03_For
13268,eta_Per/15_Per
13288,tau02_Eri/2_Eri
13327,sig_Ari/43_Ari
13328,17_Per
13473,psi_For
13490,20_Per
13531,tau_Per/18_Per
13654,45_Ari
13701,eta_Eri/3_Eri
13702,rho_Ari/46_Ari
13775,21_Per
13782,4_Eri
13834,47_Ari
13835,6_Eri
13847,the01_Eri/the02_Eri/Acamar
13879,pi._Per/22_Per
13884,bet_Hor
13905,24_Per
13914,eps_Ari/48_Ari
13942,zet_For
13951,5_Eri
13954,lam_Cet/91_Cet
14040,7_Eri
14060,rho01_Eri/8_Eri
14086,eps_For
14109,49_Ari
14131,the_Hyi
14135,alf_Cet/92_Cet/Menkar
14143,93_Cet
14146,tau03_Eri/11_Eri
14168,rho02_Eri/9_Eri
14240,mu._Hor
14293,rho03_Eri/10_Eri
14328,gam_Per/23_Per
14354,rho_Per/25_Per
14376,52_Ari/52_Ari
14382,k_Per
14514,53_Ari
14576,bet_Per/26_Per/Algol
14586,54_Ari
14632,iot_Per
14668,kap_Per/27_Per
14677,55_Ari
14817,ome_Per/28_Per
14838,del_Ari/57_Ari
14879,alf_For
14893,56_Ari
14954,94_Cet
15110,zet_Ari/58_Ari
15197,zet_Eri/13_Eri
15201,iot_Hyi
15244,14_Eri
15330,zet01_Ret
15338,30_Per
15371,zet02_Ret
15382,15_Eri
15383,95_Cet
15404,29_Per
15444,31_Per
15457,kap01_Cet/96_Cet
15474,tau04_Eri/16_Eri
15510,e_Eri/82_Eri
15514,59_Ari
15557,60_Ari
15619,kap02_Cet/97_Cet
15627,tau01_Ari/61_Ari
15648,l_Per/32_Per
15696,62_Ari
15737,tau02_Ari/63_Ari
15861,64_Ari
15863,alf_Per/33_Per/Mirphak
15870,65_Ari
15900,omi_Tau/1_Tau
15987,chi01_For
16083,ksi_Tau/2_Tau
16112,chi02_For
16156,chi03_For
16181,66_Ari
16244,34_Per
16245,kap_Ret
16322,s_Tau/4_Tau
16335,sig_Per/35_Per
16341,v_Eri/17_Eri
16369,f_Tau/5_Tau
16499,36_Per
16511,t_Tau/6_Tau
16537,eps_Eri/18_Eri
16611,tau05_Eri/19_Eri
16664,7_Tau
16803,20_Eri
16826,psi_Per/37_Per
16852,10_Tau
16859,9_Tau
16870,y_Eri
17007,tau_For
17027,21_Eri
17103,12_Tau
17167,22_Eri
17181,11_Tau
17304,del_For
17309,13_Tau
17313,o_Per/40_Per
17351,h_Eri
17358,del_Per/39_Per
17378,del_Eri/23_Eri
17408,14_Tau
17440,bet_Ret
17448,omi_Per/38_Per
17457,24_Eri
17489,16_Tau
17499,17_Tau
17506,25_Eri
17527,18_Tau
17529,nu._Per/41_Per
17531,q_Tau/19_Tau
17563,u_Tau/29_Tau
17573,20_Tau
17579,21_Tau
17588,22_Tau
17593,pi._Eri/26_Eri
17608,23_Tau
17618,sig_For
17651,tau06_Eri/27_Eri
17678,gam_Hyi
17702,eta_Tau/25_Tau/Alcyone
17717,tau07_Eri/28_Eri
17738,rho_For
17771,e_Tau/30_Tau
17847,27_Tau
17851,28_Tau/Pleione
17874,g_Eri
17886,n_Per/42_Per
17959,gam_Cam
18089,31_Tau
18141,30_Eri
18213,i_Eri
18216,tau08_Eri/33_Eri
18246,zet_Per/44_Per
18255,32_Eri
18453,43_Per
18471,32_Tau
18485,33_Tau
18532,eps_Per/45_Per
18543,gam_Eri/34_Eri/Zaurak
18597,del_Ret
18614,ksi_Per/46_Per
18673,tau09_Eri/36_Eri
18724,lam_Tau/35_Tau
18744,gam_Ret
18772,iot_Ret
18788,35_Eri
18907,nu._Tau/38_Tau
18957,40_Tau
19009,36_Tau
19038,37_Tau
19076,39_Tau
19167,lam_Per/47_Per
19171,41_Tau
19205,psi_Tau/42_Tau
19302,49_Per
19335,50_Per
19343,c_Per/48_Per
19388,ome01_Tau/43_Tau
19483,37_Eri
19513,p_Tau/44_Tau
19515,del_Hor
19554,45_Tau
19587,omi01_Eri/38_Eri
19719,46_Tau
19740,47_Tau
19747,alf_Hor
19777,39_Eri
19780,alf_Ret
19811,f_Per/52_Per
19812,mu._Per/51_Per
19849,omi02_Eri/40_Eri
19860,mu._Tau/49_Tau
19877,48_Tau
19893,gam_Dor
19921,eps_Ret
19990,ome_Tau/ome02_Tau/50_Tau
20020,the_Ret
20042,ups04_Eri/41_Eri
20049,del_Men
20070,b_Per
20087,51_Tau
20171,53_Tau
20186,56_Tau
20205,gam_Tau/54_Tau
20219,h_Tau/57_Tau
20250,phi_Tau/52_Tau
20252,54_Per
20261,58_Tau
20297,nu._Men
20354,d_Per/53_Per
20384,eta_Ret
20400,60_Tau
20430,chi_Tau/59_Tau
20455,del01_Tau/61_Tau
20484,63_Tau
20507,ksi_Eri/42_Eri
20522,r_Tau/66_Tau
20533,62_Tau
20535,ups03_Eri/d_Eri/43_Eri
20542,del02_Tau/64_Tau
20579,55_Per
20591,56_Per
20635,kap01_Tau/65_Tau
20641,kap02_Tau/67_Tau
20648,del03_Tau/68_Tau
20661,70_Tau
20711,ups_Tau/69_Tau
20713,71_Tau
20732,pi._Tau/73_Tau
20789,72_Tau
20873,76_Tau
20877,75_Tau
20885,the01_Tau/77_Tau
20889,eps_Tau/74_Tau
20894,the02_Tau/78_Tau
20901,b_Tau/79_Tau
20995,80_Tau
21036,83_Tau
21039,81_Tau
21060,del_Cae
21137,85_Tau
21139,45_Eri
21148,1_Cam
21242,m_Per/57_Per
21248,ups01_Eri/50_Eri
21273,rho_Tau/86_Tau
21278,46_Eri
21281,alf_Dor
21296,47_Eri
21393,ups02_Eri/52_Eri
21402,d_Tau/88_Tau
21421,alf_Tau/87_Tau/Aldebaran
21444,nu._Eri/48_Eri
21476,58_Per
21547,c_Eri/51_Eri
21588,89_Tau
21589,c_Tau/90_Tau
21594,l_Eri/53_Eri
21673,sig01_Tau/91_Tau
21683,sig02_Tau/92_Tau
21727,3_Cam
21730,2_Cam
21735,93_Tau
21763,54_Eri
21770,alf_Cae
21861,bet_Cae
21881,tau_Tau/94_Tau
21914,lam_Pic
21928,59_Per
21949,mu._Men
21961,95_Tau
21986,55_Eri
22024,56_Eri
22040,kap_Dor
22109,mu._Eri/57_Eri
22263,58_Eri
22280,zet_Cae
22287,4_Cam
22325,59_Eri
22441,96_Tau
22449,pi.03_Ori/1_Ori
22453,1_Aur
22479,60_Eri
22509,pi.02_Ori/2_Ori
22531,iot_Pic_A
22534,iot_Pic_B
22549,pi.04_Ori/3_Ori
22565,i_Tau/97_Tau
22667,omi01_Ori/4_Ori
22678,2_Aur
22701,ome_Eri/61_Eri
22730,5_Ori
22783,alf_Cam/9_Cam
22797,pi.05_Ori/8_Ori
22833,g_Ori/6_Ori
22845,pi.01_Ori/7_Ori
22854,5_Cam
22871,eta_Men
22957,omi02_Ori/9_Ori
22958,b_Eri/62_Eri
23015,iot_Aur/3_Aur
23040,7_Cam
23068,99_Tau
23088,k_Tau/98_Tau
23123,pi.06_Ori/10_Ori
23148,ksi_Men
23179,4_Aur
23216,8_Cam
23221,63_Eri
23231,64_Eri
23261,5_Aur
23268,6_Aur
23364,psi_Eri/65_Eri
23416,eps_Aur/7_Aur
23453,zet_Aur/8_Aur
23467,bet_Men
23474,1_Lep
23482,eta01_Pic
23497,iot_Tau/102_Tau
23522,bet_Cam/10_Cam
23595,gam01_Cae
23596,gam02_Cae
23607,11_Ori
23649,eta02_Pic
23685,eps_Lep/2_Lep
23693,zet_Dor
23734,11_Cam
23743,12_Cam
23767,eta_Aur/10_Aur
23783,9_Aur
23794,66_Eri
23835,m_Tau/104_Tau
23852,13_Ori
23871,l_Tau/106_Tau
23875,bet_Eri/67_Eri
23879,i_Ori/14_Ori
23883,105_Tau
23900,103_Tau
23941,68_Eri
23972,lam_Eri/69_Eri
23983,h_Ori/16_Ori
24010,15_Ori
24186,Kapteyn's star
24244,iot_Lep/3_Lep
24305,mu._Lep/5_Lep
24327,kap_Lep/4_Lep
24331,rho_Ori/17_Ori
24340,mu._Aur/11_Aur
24348,14_Cam
24372,the_Dor
24436,bet_Ori/19_Ori/Rigel
24504,14_Aur
24512,108_Tau
24555,18_Ori
24608,alf_Aur/13_Aur/Capella
24659,omi_Col
24674,tau_Ori/20_Ori
24727,16_Aur
24740,17_Aur
24813,lam_Aur/15_Aur
24817,21_Ori
24822,n_Tau/109_Tau
24829,zet_Pic
24832,18_Aur
24836,15_Cam
24845,lam_Lep/6_Lep
24873,nu._Lep/7_Lep
24879,19_Aur
25044,o_Ori/22_Ori
25048,rho_Aur/20_Aur
25098,kap_Pic
25142,23_Ori
25192,22_Aur
25197,16_Cam
25202,8_Lep
25216,110_Tau
25247,e_Ori/29_Ori
25278,111_Tau
25281,eta_Ori/28_Ori
25282,p_Ori/27_Ori
25292,sig_Aur/21_Aur
25302,psi01_Ori/25_Ori
25303,the_Pic
25336,gam_Ori/24_Ori/Bellatrix
25410,113_Tau
25428,bet_Tau/112_Tau/Alnath
25429,lam_Dor
25473,psi_Ori/psi02_Ori/30_Ori
25499,115_Tau
25539,o_Tau/114_Tau
25541,phi_Aur/24_Aur
25555,116_Tau
25583,117_Tau
25606,bet_Lep/9_Lep/Nihal
25695,118_Tau
25737,31_Ori
25769,17_Cam
25776,31_Men
25813,32_Ori
25853,10_Lep
25859,eps_Col
25861,n01_Ori/33_Ori
25918,gam_Men
25923,ups_Ori/36_Ori
25930,del_Ori/34_Ori/Mintaka
25945,119_Tau
25973,18_Cam
25984,chi_Aur/25_Aur
25985,alf_Lep/11_Lep/Arneb
26064,120_Tau
26069,bet_Dor
26093,35_Ori
26126,n02_Ori/38_Ori
26176,phi01_Ori/37_Ori
26207,lam_Ori/39_Ori
26220,the01_Ori_A/the01_Ori_B/41_Ori
26221,the01_Ori_C/41_Ori_C
26224,the01_Ori_D/41_Ori_D
26235,the02_Ori/43_Ori
26237,c_Ori/42_Ori
26241,iot_Ori/44_Ori
26248,121_Tau
26264,iot_Men
26268,45_Ori
26311,eps_Ori/46_Ori/Alnilam
26366,phi02_Ori/40_Ori
26382,122_Tau
26394,pi._Men
26408,19_Cam
26412,nu.01_Col
26451,zet_Tau/123_Tau
26460,nu.02_Col
26536,26_Aur
26549,sig_Ori/48_Ori
26563,d_Ori/49_Ori
26594,ome_Ori/47_Ori
26634,alf_Col
26640,125_Tau
26727,zet_Ori/50_Ori/Alnitak
26777,126_Tau
26865,12_Lep
26885,b_Ori/51_Ori
26942,24_Cam
27046,23_Cam
27072,gam_Lep/13_Lep
27100,del_Dor
27196,omi_Aur/27_Aur
27204,mu._Col
27249,26_Cam
27265,129_Tau
27288,zet_Lep/14_Lep
27316,131_Tau
27321,bet_Pic
27338,130_Tau
27364,133_Tau
27366,kap_Ori/53_Ori/Saiph
27369,lam_Men
27386,52_Ori
27468,132_Tau
27483,tau_Aur/29_Aur
27511,134_Tau
27530,gam_Pic
27534,eps_Dor
27566,kap_Men
27581,135_Tau
27592,29_Cam
27628,bet_Col
27639,ups_Aur/31_Aur
27654,del_Lep/15_Lep
27658,55_Ori
27673,nu._Aur/32_Aur
27731,30_Cam
27743,137_Tau
27750,56_Ori
27810,lam_Col
27830,136_Tau
27913,chi01_Ori/54_Ori
27949,ksi_Aur/30_Aur
27965,57_Ori
27971,31_Cam
27989,alf_Ori/58_Ori/Betelgeuse
28010,ksi_Col
28098,sig_Col
28103,eta_Lep/16_Lep
28199,gam_Col
28237,139_Tau
28271,59_Ori
28296,60_Ori
28321,1_Mon
28325,2_Mon
28328,eta_Col
28358,del_Aur/33_Aur
28360,bet_Aur/34_Aur
28380,the_Aur/37_Aur
28404,pi._Aur/35_Aur
28499,36_Aur
28574,3_Mon
28614,mu._Ori/61_Ori
28677,38_Aur
28691,64_Ori
28716,chi02_Ori/62_Ori
28734,1_Gem
28756,72_Col
28812,63_Ori
28814,66_Ori
28816,17_Lep
28823,39_Aur
28909,eta01_Dor
28910,the_Lep/18_Lep
28946,40_Aur
28957,pi.01_Col
29034,the_Col
29038,nu._Ori/67_Ori
29048,19_Lep
29064,pi.02_Col
29134,nu._Dor
29225,3_Gem
29246,37_Cam
29271,alf_Men
29276,del_Pic
29353,eta02_Dor
29379,5_Gem
29388,41_Aur
29426,ksi_Ori/70_Ori
29433,68_Ori
29434,f01_Ori/69_Ori
29450,6_Gem
29490,36_Cam
29650,71_Ori
29651,gam_Mon/5_Mon
29655,eta_Gem/7_Gem
29696,kap_Aur/44_Aur
29704,f02_Ori/72_Ori
29730,40_Cam
29736,73_Ori
29789,8_Gem
29800,k_Ori/74_Ori
29807,kap_Col
29840,9_Gem
29850,l_Ori/75_Ori
29884,42_Aur
29885,6_Mon
29919,1_Lyn
29949,43_Aur
30049,12_Gem
30060,2_Lyn
30073,7_Mon
30089,Red Rectangle
30122,zet_CMa/1_CMa
30247,45_Aur
30272,4_Lyn
30277,del_Col
30321,pi.01_Dor
30324,bet_CMa/2_CMa
30342,nu._Pic
30343,mu._Gem/13_Gem
30419,eps_Mon_A/8_Mon_A
30422,eps_Mon_B/8_Mon_B
30438,alf_Car/Canopus
30520,psi01_Aur/46_Aur
30565,pi.02_Dor
30591,G_Pup
30679,5_Lyn
30769,16_Gem
30772,10_Mon
30788,lam_CMa
30827,48_Aur
30867,bet_Mon/11_Mon
30883,nu._Gem/18_Gem
30972,47_Aur
31039,6_Lyn
31105,19_Gem
31125,ksi01_CMa/4_CMa
31137,mu._Pic
31159,12_Mon
31216,13_Mon
31359,7_Lyn
31385,14_Mon
31416,ksi02_CMa/5_CMa
31434,49_Aur
31564,nu.01_CMa/6_CMa
31592,nu.02_CMa/7_CMa
31665,11_Lyn
31676,8_Lyn
31681,gam_Gem/24_Gem/Alhena
31685,nu._Pup
31700,nu.03_CMa/8_CMa
31737,53_Aur
31771,51_Aur
31789,psi03_Aur/52_Aur
31832,psi02_Aur/50_Aur
31852,54_Aur
31897,zet_Men
31978,15_Mon
32019,25_Gem
32104,26_Gem
32173,psi04_Aur/55_Aur
32246,eps_Gem/27_Gem
32249,30_Gem
32292,10_CMa
32311,28_Gem
32349,alf_CMa/9_CMa/Sirius
32362,ksi_Gem/31_Gem
32404,32_Gem
32438,12_Lyn
32463,16_Mon
32480,psi05_Aur/56_Aur
32489,13_Lyn
32492,11_CMa
32504,12_CMa
32533,17_Mon
32537,x_Pup
32562,psi06_Aur/57_Aur
32578,18_Mon
32607,alf_Pic
32753,33_Gem
32759,kap_CMa/13_CMa
32768,tau_Pup
32814,35_Gem
32844,psi07_Aur/58_Aur
32864,42_Cam
32912,iot_Vol
32921,d_Gem/36_Gem
33018,the_Gem/34_Gem
33041,59_Aur
33048,14_Lyn
33064,60_Aur
33092,15_CMa
33104,43_Cam
33133,psi08_Aur/61_Aur
33152,omi01_CMa/16_CMa
33160,the_CMa/14_CMa
33202,e_Gem/38_Gem
33248,17_CMa
33277,37_Gem
33302,pi._CMa/19_CMa
33345,mu._CMa/18_CMa
33347,iot_CMa/20_CMa
33377,psi09_Aur
33384,the_Men
33449,15_Lyn
33485,psi10_Aur/16_Lyn
33558,t_Pup
33579,eps_CMa/21_CMa/Adhara
33595,39_Gem
33614,62_Aur
33650,40_Gem
33715,41_Gem
33856,sig_CMa/22_CMa
33927,ome_Gem/42_Gem
33971,19_Mon
33977,omi02_CMa/24_CMa
34045,gam_CMa/23_CMa
34059,H_Pup
34081,C_Pup
34088,zet_Gem/43_Gem
34182,44_Gem
34440,45_Gem
34444,del_CMa/25_CMa
34473,gam01_Vol
34481,gam02_Vol
34495,A_Pup
34622,20_Mon
34693,tau_Gem/46_Gem
34722,47_Gem
34724,21_Mon
34752,63_Aur
34769,del_Mon/22_Mon
34798,26_CMa
34802,E_Pup
34819,48_Gem
34834,I_Pup
34861,49_Gem
34899,L01_Pup
34909,51_Gem
34922,L02_Pup
34981,27_CMa
35025,52_Gem
35037,ome_CMa/28_CMa
35080,24_Mon
35146,18_Lyn
35152,53_Gem
35210,145_CMa
35228,del_Vol
35264,pi._Pup
35341,64_Aur
35350,lam_Gem/54_Gem
35393,F_Pup
35406,v02_Pup
35412,29_CMa
35415,tau_CMa/30_CMa
35550,del_Gem/55_Gem
35699,56_Gem
35710,65_Aur
35735,47_Cam
35783,19_Lyn_B
35785,19_Lyn_A
35842,58_Gem
35846,57_Gem
35904,eta_CMa/31_CMa
35907,66_Aur
35941,59_Gem
35987,1_CMi
36039,eps_Men
36041,eps_CMi/2_CMi
36046,iot_Gem/60_Gem
36145,21_Lyn
36156,61_Gem
36188,bet_CMi/3_CMi
36208,Luyten's star
36238,63_Gem
36265,eta_CMi/5_CMi
36284,gam_CMi/4_CMi
36363,y_Pup
36366,rho_Gem/62_Gem
36377,sig_Pup
36393,64_Gem
36425,6_CMi
36429,b_Gem/65_Gem
36439,22_Lyn
36641,del01_CMi/7_CMi
36723,del02_CMi/8_CMi
36760,68_Gem
36778,z_Pup
36812,del03_CMi/9_CMi
36850,alf_Gem/66_Gem/66_Gem/Castor
36962,ups_Gem/69_Gem
37088,25_Mon
37096,f_Pup
37173,m_Pup
37204,70_Gem
37265,omi_Gem/71_Gem
37279,alf_CMi/10_CMi/Procyon
37297,n01_Pup
37300,f_Gem/74_Gem
37322,d02_Pup
37329,d03_Pup
37406,23_Lyn
37447,alf_Mon/26_Mon
37504,zet_Vol
37609,24_Lyn
37629,sig_Gem/75_Gem
37648,1_Pup
37677,l_Pup/3_Pup
37704,c_Gem/76_Gem
37740,kap_Gem/77_Gem
37811,79_Gem
37819,c_Pup
37826,bet_Gem/78_Gem/Pollux
37842,2_Pup_B
37843,2_Pup_A
37891,4_Pup
37908,g_Gem/81_Gem
37921,11_CMi
37934,49_Cam
37949,51_Cam
38016,pi._Gem/80_Gem
38048,5_Pup
38070,omi_Pup
38089,Q_Pup
38106,82_Gem
38164,P_Pup
38170,ksi_Pup/7_Pup
38211,6_Pup
38372,8_Pup
38373,zet_CMi/13_CMi
38382,9_Pup
38414,a_Pup
38427,10_Pup
38455,b_Pup
38518,J_Pup
38538,phi_Gem/83_Gem
38623,25_Lyn
38639,26_Lyn
38722,85_Gem
38827,chi_Car
38835,j_Pup/11_Pup
38848,1_Cnc
38872,N_Pup
38917,O_Pup
38962,14_CMi
39023,12_Pup
39079,27_Mon
39177,3_Cnc
39191,ome01_Cnc/2_Cnc
39211,28_Mon
39236,5_Cnc
39261,53_Cam
39263,ome02_Cnc/4_Cnc
39348,54_Cam
39424,chi_Gem
39429,zet_Pup
39524,14_Pup
39567,8_Cnc
39659,mu.01_Cnc/9_Cnc
39722,28_Lyn
39757,rho_Pup/15_Pup
39780,mu._Cnc/mu.02_Cnc/10_Cnc
39794,eps_Vol
39847,27_Lyn
39863,zet_Mon/29_Mon
39874,12_Cnc
39906,16_Pup
39953,gam_Vel/gam02_Vel
40023,psi_Cnc/14_Cnc
40035,18_Pup
40084,19_Pup
40091,h01_Pup
40167,zet01_Cnc/zet02_Cnc/16_Cnc
40240,15_Cnc
40259,20_Pup
40274,r_Pup
40326,h02_Pup
40526,bet_Cnc/17_Cnc
40604,21_Pup
40646,29_Lyn
40702,alf_Cha
40706,q_Pup
40817,kap01_Vol
40834,kap02_Vol
40843,chi_Cnc/18_Cnc
40875,30_Lyn
40881,lam_Cnc/19_Cnc
40888,the_Cha
40945,w_Pup
41003,eta_Vol
41037,eps_Car
41039,B_Vel
41067,22_Pup
41075,31_Lyn
41117,d01_Cnc/20_Cnc
41163,21_Cnc
41211,1_Hya
41307,C_Hya
41312,bet_Vol
41319,d02_Cnc/25_Cnc
41375,2_Hya
41377,phi01_Cnc/22_Cnc
41389,24_Cnc
41400,27_Cnc
41404,phi02_Cnc/23_Cnc
41483,F_Vel
41574,28_Cnc
41578,29_Cnc
41704,omi_UMa/1_UMa
41816,ups01_Cnc/30_Cnc
41822,the_Cnc/31_Cnc
41904,34_Cnc
41909,eta_Cnc/33_Cnc
41940,ups02_Cnc/32_Cnc
41975,32_Lyn
42080,2_UMa
42088,C_Vel
42090,33_Lyn
42129,e01_Car
42133,35_Cnc
42134,e02_Car
42146,3_Hya
42265,c_Cnc/36_Cnc
42312,e_Vel
42313,del_Hya/4_Hya
42334,eta_Pyx
42353,37_Cnc
42402,sig_Hya/5_Hya
42425,the_Vol
42438,pi.01_UMa/3_UMa
42483,zet_Pyx
42485,38_Cnc
42509,a_Hya/6_Hya
42515,bet_Pyx
42516,39_Cnc
42523,40_Cnc
42527,pi.02_UMa/4_UMa
42536,omi_Vel
42556,eps_Cnc/41_Cnc
42568,d_Car
42570,b_Vel
42604,34_Lyn
42624,n_Vel
42637,eta_Cha
42662,9_Hya
42795,45_Cnc
42799,eta_Hya/7_Hya
42806,gam_Cnc/43_Cnc
42828,alf_Pyx
42834,D_Vel
42835,F_Hya
42884,d_Vel
42911,del_Cnc/47_Cnc
42913,del_Vel
42917,b_Cnc/49_Cnc
42931,10_Hya
42954,46_Cnc
43023,a_Vel
43067,D_Hya/12_Hya
43100,iot_Cnc_B/48_Cnc_B
43103,iot_Cnc_A/48_Cnc_A
43105,f_Car
43109,eps_Hya/11_Hya
43121,50_Cnc
43234,rho_Hya/13_Hya
43305,14_Hya
43347,g_Vel
43409,gam_Pyx
43413,f_Vel
43454,54_Cnc
43496,15_Hya
43531,35_Lyn
43575,53_Cnc
43584,sig01_Cnc/51_Cnc
43587,rho01_Cnc/55_Cnc
43644,b_UMa/5_UMa
43721,57_Cnc
43783,c_Car
43813,zet_Hya/16_Hya
43822,17_Hya
43825,del_Pyx
43834,rho02_Cnc/58_Cnc
43851,60_Cnc
43878,H_Vel
43903,6_UMa
43908,zet_Oct
43932,sig02_Cnc/59_Cnc
43937,b01_Car
43970,omi01_Cnc/62_Cnc
44001,omi02_Cnc/63_Cnc
44031,61_Cnc
44066,alf_Cnc/65_Cnc
44127,iot_UMa/9_UMa
44143,b02_Car
44154,sig03_Cnc/64_Cnc
44191,w_Vel
44248,10_UMa
44307,66_Cnc
44342,67_Cnc
44382,alf_Vol
44390,rho_UMa/8_UMa
44405,nu._Cnc/69_Cnc
44471,kap_UMa/12_UMa
44511,c_Vel
44512,70_Cnc
44659,ome_Hya/18_Hya
44798,kap_Cnc/76_Cnc
44816,lam_Vel
44818,tau_Cnc/72_Cnc
44824,kap_Pyx
44857,sig01_UMa/11_UMa
44883,19_Hya
44892,75_Cnc
44901,f_UMa/15_UMa
44946,ksi_Cnc/77_Cnc
44961,20_Hya
45001,eps_Pyx
45033,79_Cnc
45038,sig02_UMa/13_UMa
45075,tau_UMa/14_UMa
45080,a_Car
45101,i_Car
45170,pi.01_Cnc/81_Cnc
45184,21_Hya
45238,bet_Car
45290,36_Lyn
45333,c_UMa/16_UMa
45336,the_Hya/22_Hya
45344,z_Vel
45410,pi._Cnc/pi.02_Cnc/82_Cnc
45439,l_Vel
45448,k_Vel
45455,17_UMa
45493,e_UMa/18_UMa
45496,g_Car
45526,24_Hya
45527,23_Hya
45556,iot_Car
45631,K_Vel
45688,38_Lyn
45751,26_Hya
45811,27_Hya
45856,k_Car
45860,alf_Lyn/40_Lyn
45902,the_Pyx
45941,kap_Vel
46026,lam_Pyx
46107,iot_Cha
46146,kap_Leo/1_Leo
46221,28_Hya
46283,I_Vel
46365,29_Hya
46371,G_Hya
46390,alf_Hya/30_Hya/Alphard
46454,ome_Leo/2_Leo
46457,3_Leo
46509,tau01_Hya/31_Hya
46515,eps_Ant
46651,psi_Vel
46652,7_LMi
46657,zet01_Ant
46701,N_Vel
46733,h_UMa/23_UMa
46734,zet02_Ant
46735,8_LMi
46750,lam_Leo/4_Leo
46771,ksi_Leo/5_Leo
46774,6_Leo
46776,tau02_Hya/32_Hya
46853,the_UMa/25_UMa
46904,9_LMi
46928,zet_Cha
46950,L_Vel
46952,10_LMi
46974,h_Car
46977,d_UMa/24_UMa
46982,33_Hya
47006,26_UMa
47013,22_UMa
47080,11_LMi
47096,7_Leo
47175,M_Vel
47189,8_Leo
47205,10_Leo
47249,34_Hya
47267,y_Vel
47300,42_Lyn
47310,2_Sex
47391,m_Car
47427,37_Hya
47431,iot_Hya/35_Hya
47452,kap_Hya/38_Hya
47508,omi_Leo/14_Leo
47522,I_Hya
47550,13_Leo
47570,43_Lyn
47631,13_LMi
47654,27_UMa
47701,f_Leo/15_Leo
47717,O_Vel
47723,psi_Leo/16_Leo
47758,the_Ant
47854,l_Car
47908,eps_Leo/17_Leo
47911,28_UMa
47956,nu._Cha
47959,18_Leo
48002,ups_Car
48029,19_Leo
48218,20_Leo
48224,u_Vel
48273,4_Sex
48319,ups_UMa/29_UMa
48324,23_Leo
48341,6_Sex
48356,ups01_Hya/39_Hya
48374,m_Vel
48390,g_Leo/22_Leo
48402,phi_UMa/30_UMa
48414,7_Sex
48437,gam_Sex/8_Sex
48455,mu._Leo/24_Leo
48682,31_UMa
48774,phi_Vel
48833,19_LMi
48883,nu._Leo/27_Leo
48926,eta_Ant
48990,12_Sex
49029,pi._Leo/29_Leo
49065,mu._Cha
49081,20_LMi
49329,13_Sex
49402,ups02_Hya/40_Hya
49530,14_Sex
49583,eta_Leo/30_Leo
49593,21_LMi
49637,31_Leo
49641,alf_Sex/15_Sex
49669,alf_Leo/32_Leo/Regulus
49712,Q_Vel
49812,17_Sex
49841,lam_Hya/41_Hya
49865,18_Sex
49929,34_Leo
50027,19_Sex
50099,ome_Car
50191,q_Vel
50218,22_LMi
50303,23_LMi
50316,24_LMi
50319,35_Leo
50333,37_Leo
50335,zet_Leo/36_Leo
50371,q_Car
50372,lam_UMa/33_UMa
50384,39_Leo
50414,eps_Sex/22_Sex
50448,32_UMa
50564,40_Leo
50583,gam01_Leo/gam02_Leo/41_Leo/Algieba
50676,J_Vel
50684,23_Sex
50755,42_Leo
50799,r_Vel
50801,mu._UMa/34_UMa
50851,43_Leo
50860,27_LMi
50885,25_Sex
50935,28_LMi
51008,44_Leo
51056,30_LMi
51069,mu._Hya/42_Hya
51172,alf_Ant
51213,45_Leo
51232,s_Car
51233,bet_LMi/31_LMi
51362,del_Sex/29_Sex
51376,del_Ant
51401,35_UMa
51420,32_LMi
51437,bet_Sex/30_Sex
51459,36_UMa
51556,33_LMi
51576,p_Car
51585,46_Leo
51624,rho_Leo/47_Leo
51635,t_Vel
51685,34_LMi
51718,44_Hya
51775,48_Leo
51802,49_Leo
51814,37_UMa
51839,gam_Cha
51849,r_Car
51905,phi02_Hya
51912,t01_Car
51914,35_LMi
51986,p_Vel
52032,36_LMi
52085,phi_Hya/phi03_Hya
52098,37_LMi
52139,38_LMi
52154,x_Vel
52316,33_Sex
52353,38_UMa
52419,the_Car
52422,40_LMi
52452,35_Sex
52457,41_LMi
52468,w_Car
52478,39_UMa
52584,36_Sex
52595,del01_Cha
52633,del02_Cha
52638,42_LMi
52685,41_UMa
52686,m_Leo/51_Leo
52689,k_Leo/52_Leo
52727,mu._Vel
52737,b01_Hya
52882,43_LMi
52911,l_Leo/53_Leo
52913,40_Sex
52943,nu._Hya
52959,44_LMi
52980,41_Sex
53043,43_UMa
53064,42_UMa
53229,46_LMi
53252,b03_Hya
53253,u_Car
53261,44_UMa
53273,p01_Leo
53295,ome_UMa/45_UMa
53355,48_LMi
53417,54_Leo
53423,55_Leo
53426,46_UMa
53449,56_Leo
53492,50_LMi
53502,iot_Ant
53702,eta_Oct
53721,47_UMa
53740,alf_Crt/7_Crt
53773,i_Vel
53807,58_Leo
53824,c_Leo/59_Leo
53838,49_UMa
53907,p02_Leo/61_Leo
53910,bet_UMa/48_UMa/Merak
53954,b_Leo/60_Leo
54049,p03_Leo/62_Leo
54061,alf_UMa/50_UMa/Dubhe
54136,51_UMa
54182,chi_Leo/63_Leo
54204,chi01_Hya
54255,chi02_Hya
54301,z_Car
54336,p04_Leo/65_Leo
54388,64_Leo
54463,x_Car
54487,67_Leo
54539,psi_UMa/52_UMa
54682,bet_Crt/11_Crt
54849,p05_Leo/69_Leo
54872,del_Leo/68_Leo
54879,the_Leo/70_Leo
54951,72_Leo
55016,n_Leo/73_Leo
55084,phi_Leo/74_Leo
55137,75_Leo
55203,ksi_UMa/53_UMa
55219,nu._UMa/54_UMa
55249,76_Leo
55266,55_UMa
55282,del_Crt/12_Crt
55425,pi._Cen
55434,sig_Leo/77_Leo
55560,56_UMa
55598,lam_Crt/13_Crt
55642,iot_Leo/78_Leo
55650,79_Leo
55687,eps_Crt/14_Crt
55705,gam_Crt/15_Crt
55765,81_Leo
55791,80_Leo
55846,83_Leo
55874,kap_Crt/16_Crt
55945,tau_Leo/84_Leo
56034,57_UMa
56080,85_Leo
56127,e_Leo/87_Leo
56146,86_Leo
56148,58_UMa
56211,lam_Dra/1_Dra
56242,88_Leo
56243,omi01_Cen
56250,omi02_Cen
56280,17_Crt
56343,ksi_Hya
56445,89_Leo
56473,90_Leo
56480,A_Cen
56518,C01_Cen
56561,lam_Cen
56573,C02_Cen
56583,2_Dra
56633,the_Crt/21_Crt
56647,ups_Leo/91_Leo
56675,pi._Cha
56700,C03_Cen
56770,59_UMa
56779,ome_Vir/1_Vir
56789,60_UMa
56802,iot_Crt/24_Crt
56922,omi_Hya
56975,92_Leo
56997,61_UMa
57029,62_UMa
57111,3_Dra
57283,zet_Crt/27_Crt
57328,ksi_Vir/2_Vir
57363,lam_Mus
57380,nu._Vir/3_Vir
57399,chi_UMa/63_UMa
57562,4_Vir
57565,93_Leo
57581,mu._Mus
57632,bet_Leo/94_Leo/Denebola
57669,j_Cen
57757,bet_Vir/5_Vir
57803,B_Cen
57936,bet_Hya
57939,Groombridge 1830
58001,gam_UMa/64_UMa/Phad
58110,6_Vir
58112,65_UMa
58117,65_UMa
58159,o_Leo/95_Leo
58181,66_UMa
58188,eta_Crt/30_Crt
58484,eps_Cha
58510,b_Vir/7_Vir
58587,31_Crt
58590,pi._Vir/8_Vir
58684,67_UMa
58758,the01_Cru
58858,2_Com
58867,the02_Cru
58905,kap_Cha
58948,omi_Vir/9_Vir
59072,eta_Cru
59184,E_Cen
59196,del_Cen
59199,alf_Crv/1_Crv
59285,10_Vir
59309,11_Vir
59316,eps_Crv/2_Crv
59352,3_Com
59394,3_Crv
59449,rho_Cen
59458,68_UMa
59468,4_Com
59501,5_Com
59608,12_Vir
59654,D_Cen
59747,del_Cru
59774,del_UMa/69_UMa/Megrez
59803,gam_Crv/4_Crv
59819,6_Com
59831,2_CVn
59847,7_Com
59929,eps_Mus
60000,bet_Cha
60009,zet_Cru
60030,13_Vir
60059,F_Cen
60087,8_Com
60098,9_Com
60122,3_CVn
60129,eta_Vir/15_Vir
60172,c_Vir/16_Vir
60189,zet_Crv/5_Crv
60202,11_Com
60212,70_UMa
60260,eps_Cru
60320,zet02_Mus
60329,zet01_Mus
60351,12_Com
60353,17_Vir
60425,6_Crv
60449,x01_Cen
60467,4_CVn
60485,5_CVn
60514,13_Com
60584,71_UMa
60610,x02_Cen
60646,6_CVn
60697,14_Com
60710,G_Cen
60718,alf01_Cru/alf02_Cru/Acrux
60742,gam_Com/15_Com
60746,16_Com
60795,73_UMa
60823,sig_Cen
60855,u_Cen
60904,17_Com
60936,3C 273
60941,18_Com
60957,20_Com
60965,del_Crv/7_Crv
60978,74_UMa
60988,7_CVn
60992,75_UMa
60998,4_Dra
61071,21_Com
61084,gam_Cru
61136,35_Cru
61174,eta_Crv/8_Crv
61199,gam_Mus
61246,20_Vir
61281,kap_Dra/5_Dra
61295,22_Com
61317,bet_CVn/8_CVn
61318,q_Vir/21_Vir
61359,bet_Crv/9_Crv
61384,6_Dra
61394,23_Com
61415,24_Com_B
61418,24_Com_A
61558,f_Vir/25_Vir
61571,25_Com
61585,alf_Mus
61622,tau_Cen
61692,9_CVn
61724,26_Com
61740,chi_Vir/26_Vir
61789,l_Cen
61932,gam_Cen
61936,76_UMa
61937,27_Vir
61941,gam_Vir/29_Vir
61960,rho_Vir/30_Vir
61966,39_Cru
61968,d01_Vir/31_Vir
62012,w_Cen
62207,10_CVn
62267,d02_Vir/32_Vir
62268,iot_Cru
62322,bet_Mus
62325,33_Vir
62356,27_Com
62394,34_Vir
62423,7_Dra
62434,bet_Cru
62443,35_Vir
62478,28_Com
62516,11_CVn
62541,29_Com
62576,30_Com
62683,p_Cen
62757,37_Vir
62763,31_Com
62807,32_Com
62867,e_Cen
62875,38_Vir
62886,35_Com
62896,n_Cen
62931,kap_Cru
62933,41_Vir
62956,eps_UMa/77_UMa/Alioth
62985,psi_Vir/40_Vir
63003,mu.01_Cru
63005,mu.02_Cru
63007,lam_Cru
63031,iot_Oct
63076,8_Dra
63090,del_Vir/43_Vir
63121,alf01_CVn/12_CVn_B
63125,alf02_CVn/12_CVn_A/Cor Caroli
63210,H_Cen
63355,36_Com
63414,k_Vir/44_Vir
63432,9_Dra
63462,37_Com
63494,46_Vir
63503,78_UMa
63533,38_Com
63608,eps_Vir/47_Vir/Vindemiatrix
63613,del_Mus
63724,ksi01_Cen
63750,48_Vir
63901,14_CVn
63945,f_Cen
63948,39_Com
63950,40_Com
64004,ksi02_Cen
64022,41_Com
64078,49_Vir
64094,the_Mus
64122,g_Vir
64166,psi_Hya/45_Hya
64217,15_CVn
64224,50_Vir
64238,the_Vir/51_Vir
64241,alf_Com/42_Com
64246,17_CVn
64394,bet_Com/43_Com
64407,53_Vir
64520,54_Vir
64577,55_Vir
64661,eta_Mus
64692,19_CVn
64725,57_Vir
64792,e_Vir/59_Vir
64803,r_Cen
64844,20_CVn
64852,sig_Vir/60_Vir
64906,21_CVn
64924,61_Vir
64962,gam_Hya/46_Hya
65072,23_CVn
65109,iot_Cen
65241,64_Vir
65271,J_Cen
65301,63_Vir
65323,65_Vir
65378,zet_UMa/79_UMa/Mizar
65387,m_Cen
65420,66_Vir
65468,iot01_Mus
65474,alf_Vir/67_Vir/Spica
65477,80_UMa/Alcor
65581,i_Vir/68_Vir
65628,iot02_Mus
65639,69_Vir
65721,70_Vir
65790,71_Vir
65810,K_Cen
65892,72_Vir
65936,d_Cen
66006,l_Vir/74_Vir
66015,73_Vir
66091,75_Vir
66098,h_Vir/76_Vir
66198,81_UMa
66200,o_Vir/78_Vir
66234,24_CVn
66249,zet_Vir/79_Vir
66320,80_Vir
66458,25_CVn
66634,82_UMa
66657,eps_Cen
66727,1_Boo
66738,83_UMa
66753,kap_Oct
66763,2_Boo
66803,m_Vir/82_Vir
66821,Q_Cen
66936,84_Vir
67057,83_Vir
67139,85_Vir
67153,i_Cen/1_Cen
67172,86_Vir
67231,84_UMa
67234,M_Cen
67239,3_Boo
67244,z_Cen
67275,tau_Boo/4_Boo
67288,87_Vir
67301,eta_UMa/85_UMa/Alkaid
67457,2_Cen
67459,ups_Boo/5_Boo
67464,nu._Cen
67472,mu._Cen
67480,e_Boo/6_Boo
67494,89_Vir
67627,i_Dra/10_Dra
67669,3_Cen
67786,h_Cen/4_Cen
67787,7_Boo
67819,y_Cen
67848,86_UMa
67927,eta_Boo/8_Boo
67929,p_Vir/90_Vir
68002,zet_Cen
68092,92_Vir
68103,9_Boo
68245,phi_Cen
68269,47_Hya
68276,10_Boo
68282,ups01_Cen
68390,48_Hya
68478,11_Boo
68520,tau_Vir/93_Vir
68523,ups02_Cen
68702,bet_Cen/Agena/Hadar
68756,alf_Dra/11_Dra/Thuban
68815,the_Aps
68862,chi_Cen
68895,pi._Hya/49_Hya
68933,the_Cen/5_Cen
68940,95_Vir
68956,3_UMi
69068,13_Boo
69112,4_UMi
69127,96_Vir
69226,d_Boo/12_Boo
69415,50_Hya
69427,kap_Vir/98_Vir
69481,kap01_Boo/17_Boo_B
69483,kap02_Boo/17_Boo_A
69536,14_Boo
69612,15_Boo
69673,alf_Boo/16_Boo/Arcturus
69701,iot_Vir/99_Vir
69713,iot_Boo/21_Boo
69732,lam_Boo/19_Boo
69879,A_Boo
69896,eta_Aps
69974,lam_Vir/100_Vir
69989,18_Boo
69996,iot_Lup
70012,ups_Vir/102_Vir
70027,20_Boo
70069,v_Cen
70090,psi_Cen
70248,eps_Aps
70300,a_Cen
70306,k_Hya/51_Hya
70336,2_Lib
70497,the_Boo/23_Boo
70574,tau01_Lup
70576,tau02_Lup
70602,f_Boo/22_Boo
70638,del_Oct
70680,104_Vir
70692,5_UMi
70753,l_Hya/52_Hya
70755,phi_Vir/105_Vir
70791,g_Boo/24_Boo
70794,106_Vir
70890,alf_Cen_C/Proxima
71053,rho_Boo/25_Boo
71075,gam_Boo/27_Boo
71115,26_Boo
71121,sig_Lup
71284,sig_Boo/28_Boo
71352,eta_Cen
71536,rho_Lup
71618,33_Boo
71681,alf02_Cen
71683,alf01_Cen/Rigil Kent
71762,pi.01_Boo/pi.02_Boo/29_Boo
71795,zet_Boo/30_Boo
71832,31_Boo
71837,32_Boo
71860,alf_Lup
71908,alf_Cir
71957,mu._Vir/107_Vir
71974,4_Lib
71995,34_Boo
72010,c01_Cen
72104,c02_Cen
72105,eps_Boo/36_Boo/Izar
72125,omi_Boo/35_Boo
72154,108_Vir
72194,5_Lib
72197,m_Hya/54_Hya
72220,109_Vir
72290,b_Lup
72323,55_Hya
72357,56_Hya
72370,alf_Aps
72378,57_Hya
72487,h_Boo/38_Boo
72489,mu._Lib/7_Lib
72524,39_Boo
72571,E_Hya/58_Hya
72603,alf01_Lib/8_Lib
72607,bet_UMi/7_UMi/Kocab
72622,alf02_Lib/9_Lib
72631,11_Lib
72659,ksi_Boo/37_Boo
72683,omi_Lup
72929,12_Lib
72934,ksi01_Lib/13_Lib
72965,zet_Cir
73095,c_Lup
73129,the_Cir
73133,ksi02_Lib/15_Lib
73165,16_Lib
73249,17_Lib
73273,bet_Lup
73284,59_Hya
73310,18_Lib
73334,kap_Cen
73369,40_Boo
73473,del_Lib/19_Lib
73540,pi.01_Oct
73555,bet_Boo/42_Boo
73566,60_Hya
73568,ome_Boo/41_Boo
73620,110_Vir
73695,i_Boo/44_Boo
73714,sig_Lib/20_Lib/gam_Sco
73745,psi_Boo/43_Boo
73771,pi.02_Oct
73776,eta_Cir
73807,pi._Lup
73841,k_Boo/47_Boo
73945,nu._Lib/21_Lib
73996,c_Boo/45_Boo
74087,b_Boo/46_Boo
74117,lam_Lup
74296,ome_Oct
74376,kap01_Lup
74380,kap02_Lup
74392,iot01_Lib/24_Lib
74395,zet_Lup
74449,e_Lup
74493,iot02_Lib/25_Lib
74500,23_Lib
74596,chi_Boo/48_Boo
74600,26_Lib
74604,i_Lup/1_Lup
74649,3_Ser
74666,del_Boo/49_Boo
74689,4_Ser
74778,del_Cir
74785,bet_Lib/27_Lib
74793,11_UMi
74824,bet_Cir
74837,eps_Cir
74857,f_Lup/2_Lup
74911,mu._Lup
74946,gam_TrA
74975,5_Ser
75049,omi_CrB/1_CrB
75097,gam_UMi/13_UMi
75110,28_Lib
75118,omi_Lib/29_Lib
75119,6_Ser
75141,del_Lup
75177,phi01_Lup
75178,50_Boo
75181,nu.02_Lup
75206,nu.01_Lup
75230,7_Ser
75264,eps_Lup
75304,phi02_Lup
75312,eta_CrB/2_CrB
75323,gam_Cir
75342,8_Ser
75379,eps_Lib/31_Lib
75411,mu.01_Boo/51_Boo_A
75415,mu.02_Boo/51_Boo_B
75439,ups_Lup
75458,iot_Dra/12_Dra
75501,k_Lup
75530,tau01_Ser/9_Ser
75695,bet_CrB/3_CrB
75730,zet01_Lib/32_Lib
75761,10_Ser
75848,33_Lib
75944,zet03_Lib/34_Lib
75973,nu.01_Boo/52_Boo
76008,the_UMi/15_UMi
76013,kap01_Aps
76041,nu.02_Boo/53_Boo
76069,tau02_Ser/12_Ser
76126,zet_Lib/zet04_Lib/35_Lib
76127,the_CrB/4_CrB
76133,11_Ser
76219,37_Lib
76259,36_Lib
76267,alf_CrB/5_CrB/Alphekka
76276,del_Ser/13_Ser
76297,gam_Lup
76307,mu._CrB/6_CrB
76333,gam_Lib/38_Lib
76337,tau03_Ser/15_Ser
76371,d_Lup
76423,tau04_Ser
76424,tau05_Ser/18_Ser
76425,16_Ser
76427,14_Ser
76440,eps_TrA
76470,ups_Lib/39_Lib
76534,phi_Boo/54_Boo
76552,ome_Lup
76600,tau_Lib/40_Lib
76628,41_Lib
76669,zet01_CrB/zet02_CrB/7_CrB
76705,psi01_Lup/3_Lup
76742,42_Lib
76750,kap02_Aps
76810,tau06_Ser/19_Ser
76829,g_Lup
76852,iot_Ser/21_Ser
76866,chi_Ser/20_Ser
76878,tau07_Ser/22_Ser
76880,kap_Lib/43_Lib
76939,h_Lup
76945,psi02_Lup/4_Lup
76952,gam_CrB/8_CrB
76996,rho_Oct
77048,pi._CrB/9_CrB
77052,psi_Ser/23_Ser
77055,zet_UMi/16_UMi
77060,eta_Lib/44_Lib
77070,alf_Ser/24_Ser/Unukalhai
77111,tau08_Ser/26_Ser
77227,25_Ser
77233,bet_Ser/28_Ser
77257,lam_Ser/27_Ser
77336,ups_Ser/31_Ser
77450,kap_Ser/35_Ser
77512,del_CrB/10_CrB
77516,mu._Ser/32_Ser
77578,ome_Ser/34_Ser
77622,eps_Ser/37_Ser
77634,chi_Lup/5_Lup
77635,b_Sco/1_Sco
77655,kap_CrB/11_CrB
77660,b_Ser/36_Ser
77661,rho_Ser/38_Ser
77760,chi_Her/1_Her
77801,39_Ser
77811,lam_Lib/45_Lib
77840,2_Sco
77853,the_Lib/46_Lib
77907,2_Her
77909,3_Sco
77910,40_Ser
77939,47_Lib
77952,bet_TrA
77982,kap_TrA
77984,4_Sco
77986,4_Her
78012,lam_CrB/12_CrB
78072,gam_Ser/41_Ser
78104,rho_Sco/5_Sco
78105,ksi01_Lup
78106,ksi02_Lup
78132,phi_Ser
78159,eps_CrB/13_CrB
78207,48_Lib
78265,pi._Sco/6_Sco
78384,eta_Lup
78400,49_Lib
78401,del_Sco/7_Sco
78436,50_Lib
78459,rho_CrB/15_CrB
78481,r_Her/5_Her
78493,iot_CrB/14_CrB
78527,the_Dra/13_Dra
78554,pi._Ser/44_Ser
78592,ups_Her/6_Her
78639,eta_Nor
78662,iot01_Nor
78685,43_Ser
78727,ksi_Sco
78820,bet01_Sco/8_Sco_A
78821,bet02_Sco/8_Sco_B
78914,del_Nor
78918,the_Lup
78933,ome01_Sco/9_Sco
78990,ome02_Sco/10_Sco
79005,11_Sco
79007,45_Ser
79043,kap_Her/7_Her_A
79045,7_Her_B
79072,47_Ser
79101,phi_Her/11_Her
79102,8_Her
79119,tau_CrB/16_CrB
79153,iot02_Nor
79248,14_Her
79280,19_UMi
79332,q_Her
79349,10_Her
79374,nu._Sco/14_Sco
79375,psi_Sco/15_Sco
79387,16_Sco
79399,c01_Sco/12_Sco
79404,c02_Sco/13_Sco
79420,20_UMi
79488,9_Her
79497,zet_Nor
79509,kap_Nor
79540,chi_Sco/17_Sco
79593,del_Oph/1_Oph
79607,sig_CrB/17_CrB
79653,the_Nor
79664,del_TrA
79666,16_Her
79672,18_Sco
79757,ups_CrB/18_CrB
79790,gam01_Nor
79822,eta_UMi/21_UMi
79881,d_Sco
79882,eps_Oph/2_Oph
79963,lam_Nor
79992,tau_Her/22_Her
80000,gam02_Nor
80047,del01_Aps
80057,del02_Aps
80079,omi_Sco/19_Sco
80112,sig_Sco/20_Sco
80170,gam_Her/20_Her
80179,sig_Ser/50_Ser
80181,ksi_CrB/19_CrB
80197,nu.01_CrB/20_CrB
80214,nu.02_CrB/21_CrB
80331,eta_Dra/14_Dra
80343,psi_Oph/4_Oph
80351,o_Her/21_Her
80460,25_Her
80463,ome_Her/24_Her
80473,rho_Oph/5_Oph
80569,chi_Oph/7_Oph
80582,eps_Nor
80628,ups_Oph/3_Oph
80645,iot_TrA
80650,15_Dra
80686,zet_TrA
80704,g_Her/30_Her
80763,alf_Sco/21_Sco/Antares
80809,34_Her
80815,i_Sco/22_Sco
80816,bet_Her/27_Her
80843,s_Her
80883,lam_Oph/10_Oph
80894,phi_Oph/8_Oph
80975,ome_Oph/9_Oph
81007,n_Her/28_Her
81008,h_Her/29_Her
81065,gam_Aps
81122,mu._Nor
81126,sig_Her/35_Her
81252,the_TrA
81266,tau_Sco/23_Sco
81290,16_Dra
81292,17_Dra
81300,12_Oph
81377,zet_Oph/13_Oph
81497,42_Her
81634,36_Her
81641,37_Her
81660,g_Dra/18_Dra
81693,zet_Her/40_Her
81710,eta01_TrA
81729,39_Her
81734,14_Oph
81833,eta_Her/44_Her
81852,bet_Aps
82037,16_Oph
82073,i_Her/43_Her
82080,eps_UMi/22_UMi
82140,25_Sco
82162,19_Oph
82216,l_Her/45_Her
82273,alf_TrA
82321,52_Her
82363,eta_Ara
82369,20_Oph
82396,eps_Sco/26_Sco
82402,k_Her/47_Her
82422,50_Her
82480,21_Oph
82504,51_Her
82514,mu.01_Sco
82526,49_Her
82545,mu.02_Sco
82587,53_Her
82671,zet01_Sco
82673,iot_Oph/25_Oph
82729,zet02_Sco
82730,23_Oph
82780,56_Her
82802,54_Her
82860,h_Dra/19_Dra
82898,20_Dra
82925,24_Oph
82960,27_Sco
82987,57_Her
83000,kap_Oph/27_Oph
83081,zet_Ara
83153,eps01_Ara
83196,26_Oph
83207,eps_Her/58_Her
83262,30_Oph
83313,d_Her/59_Her
83331,29_Oph
83431,eps02_Ara
83462,61_Her
83574,k_Sco
83608,mu._Dra/21_Dra
83613,60_Her
83838,c_Her
83895,zet_Dra/22_Dra
84012,eta_Oph/35_Oph
84054,63_Her
84143,eta_Sco
84177,37_Oph
84345,alf01_Her/alf02_Her/64_Her/Rasalgethi
84379,del_Her/65_Her
84380,pi._Her/67_Her
84405,36_Oph
84514,41_Oph
84535,lam_UMi
84573,u_Her/68_Her
84605,38_Oph
84606,e_Her/69_Her
84625,omi_Oph_B/39_Oph_B
84626,omi_Oph_A/39_Oph_A
84671,e_Oph
84835,74_Her
84862,w_Her/72_Her
84880,nu._Ser/53_Ser
84887,70_Her
84893,ksi_Oph/40_Oph
84969,zet_Aps
84970,the_Oph/42_Oph
84979,iot_Aps
85079,iot_Ara
85084,43_Oph
85112,rho_Her/75_Her
85157,73_Her
85258,bet_Ara
85267,gam_Ara
85312,kap_Ara
85340,b_Oph/44_Oph
85355,sig_Oph/49_Oph
85379,x_Her/77_Her
85423,d_Oph/45_Oph
85670,bet_Dra/23_Dra
85693,lam_Her/76_Her
85696,ups_Sco/34_Sco
85699,24_UMi
85727,del_Ara
85755,c_Oph/51_Oph
85790,78_Her
85792,alf_Ara
85805,f_Dra/27_Dra
85819,nu.01_Dra/24_Dra
85822,del_UMi/23_UMi
85829,nu.02_Dra/25_Dra
85852,29_Dra
85927,lam_Sco/35_Sco/Shaula
85998,f_Oph/53_Oph
86032,alf_Oph/55_Oph/Rasalhague
86036,26_Dra
86060,52_Oph
86092,sig_Ara
86182,y_Her/82_Her
86201,ome_Dra/28_Dra
86228,the_Sco
86254,79_Her
86263,ksi_Ser/55_Ser
86284,mu._Oph/57_Oph
86305,pi._Ara
86414,iot_Her/85_Her
86486,lam_Ara
86565,omi_Ser/56_Ser
86614,psi01_Dra_A/31_Dra_A
86620,psi01_Dra_B/31_Dra_B
86667,83_Her
86670,kap_Sco
86731,84_Her
86736,58_Oph
86742,bet_Oph/60_Oph
86796,mu._Ara
86831,61_Oph
86929,eta_Pav
86974,mu._Her/86_Her
87072,3_Sgr
87073,iot01_Sco
87108,gam_Oph/62_Oph
87194,87_Her
87212,30_Dra
87234,35_Dra
87280,z_Her/88_Her
87294,iot02_Sco
87563,f_Her/90_Her
87585,ksi_Dra/32_Dra
87706,63_Oph
87728,psi02_Dra/34_Dra
87747,89_Her
87808,the_Her/91_Her
87833,gam_Dra/33_Dra/Etamin
87933,ksi_Her/92_Her
87937,Barnard's star
87998,nu._Her/94_Her
88048,nu._Oph/64_Oph
88116,4_Sgr
88127,40_Dra
88128,93_Her
88136,41_Dra
88149,66_Oph
88175,zet_Ser/57_Ser
88192,67_Oph
88258,6_Sgr
88267,95_Her
88290,68_Oph
88331,96_Her
88346,97_Her
88380,7_Sgr
88404,tau_Oph/69_Oph
88469,9_Sgr
88567,gam01_Sgr
88601,70_Oph
88635,gam_Sgr/gam02_Sgr/10_Sgr
88657,98_Her
88714,the_Ara
88745,b_Her/99_Her
88765,71_Oph
88771,72_Oph
88794,omi_Her/103_Her
88817,100_Her_B
88818,100_Her_A
88866,pi._Pav
88886,102_Her
88899,101_Her
88964,73_Oph
89042,iot_Pav
89112,eps_Tel
89172,104_Her
89341,mu._Sgr/13_Sgr
89348,36_Dra
89369,14_Sgr
89439,15_Sgr
89440,16_Sgr
89448,37_Dra
89594,38_Dra
89642,eta_Sgr
89773,105_Her
89826,kap_Lyr/1_Lyr
89861,106_Her
89908,phi_Dra/43_Dra
89918,74_Oph
89925,108_Her
89931,del_Sgr/19_Sgr
89935,t_Her/107_Her
89937,chi_Dra/44_Dra
89962,eta_Ser/58_Ser
90098,ksi_Pav
90133,phi_Oct
90135,zet_Sct
90139,109_Her
90156,b_Dra/39_Dra
90185,eps_Sgr/20_Sgr/Kaus Australis
90191,mu._Lyr/2_Lyr
90260,18_Sgr
90289,21_Sgr
90344,42_Dra
90422,alf_Tel
90441,d_Ser/59_Ser
90496,lam_Sgr/22_Sgr
90568,zet_Tel
90595,gam_Sct
90642,c_Ser/60_Ser
90797,nu._Pav
90830,del01_Tel
90844,61_Ser
90853,del02_Tel
90905,d_Dra/45_Dra
90968,kap02_CrA
90969,kap01_CrA
90982,the_CrA
91004,24_Sgr
91066,25_Sgr
91117,alf_Sct
91262,alf_Lyr/3_Lyr/Vega
91322,e_Ser
91689,26_Sgr
91726,del_Sct
91755,c_Dra/46_Dra
91792,zet_Pav
91845,eps_Sct
91875,lam_CrA
91919,eps01_Lyr/4_Lyr
91926,eps02_Lyr/5_Lyr
91971,zet01_Lyr/6_Lyr
91973,zet02_Lyr/7_Lyr
91975,4_Aql
92041,phi_Sgr/27_Sgr
92043,110_Her
92111,28_Sgr
92112,50_Dra
92117,5_Aql
92161,111_Her
92175,bet_Sct
92226,mu._CrA
92294,the_Pav
92308,eta01_CrA
92382,eta02_CrA
92390,29_Sgr
92398,nu.01_Lyr/8_Lyr
92405,nu._Lyr/nu.02_Lyr/9_Lyr
92420,bet_Lyr/10_Lyr/Sheliak
92480,30_Sgr
92512,omi_Dra/47_Dra
92524,8_Aql
92609,lam_Pav
92614,112_Her
92646,kap_Tel
92728,del01_Lyr/11_Lyr
92747,33_Sgr
92761,nu.01_Sgr/32_Sgr
92782,ups_Dra/52_Dra
92791,del02_Lyr/12_Lyr
92818,113_Her
92824,chi_Oct
92845,nu.02_Sgr/35_Sgr
92855,sig_Sgr/34_Sgr/Nunki
92862,13_Lyr
92946,the01_Ser/63_Ser_A
92951,the02_Ser/63_Ser_B
92997,48_Dra
93015,kap_Pav
93026,eta_Sct
93051,64_Ser
93057,ksi01_Sgr/36_Sgr
93085,ksi02_Sgr/37_Sgr
93148,lam_Tel
93163,ome_Pav
93174,eps_CrA
93179,10_Aql
93194,gam_Lyr/14_Lyr
93203,11_Aql
93244,eps_Aql/13_Aql
93279,lam_Lyr/15_Lyr
93340,49_Dra
93408,16_Lyr
93429,i_Aql/12_Aql
93506,zet_Sgr/38_Sgr
93526,g_Aql/14_Aql
93542,zet_CrA
93683,omi_Sgr/39_Sgr
93713,51_Dra
93717,h_Aql/15_Aql
93747,zet_Aql/17_Aql
93805,lam_Aql/16_Aql
93815,rho_Tel
93825,gam_CrA
93864,tau_Sgr/40_Sgr
93867,18_Aql
93903,iot_Lyr/18_Lyr
93917,17_Lyr
94005,del_CrA
94068,19_Aql
94083,59_Dra
94114,alf_CrA
94140,55_Dra
94141,pi._Sgr/41_Sgr
94160,bet_CrA
94302,53_Dra
94311,19_Lyr
94376,del_Dra/57_Dra
94385,20_Aql
94477,21_Aql
94481,eta_Lyr/20_Lyr
94490,54_Dra
94620,1_Sge
94643,psi_Sgr/42_Sgr
94648,tau_Dra/60_Dra
94703,1_Vul
94713,the_Lyr/21_Lyr
94724,tau_Pav
94727,22_Aql
94779,kap_Cyg/1_Cyg
94820,d_Sgr/43_Sgr
94827,2_Vul
94834,ome01_Aql/25_Aql
94885,23_Aql
94913,24_Aql
94982,28_Aql
95002,ome02_Aql/29_Aql
95066,f_Aql/26_Aql
95073,d_Aql/27_Aql
95081,pi._Dra/58_Dra
95168,rho01_Sgr/44_Sgr
95176,ups_Sgr/46_Sgr
95188,rho02_Sgr/45_Sgr
95241,bet01_Sgr
95260,3_Vul
95261,eta_Tel
95294,bet02_Sgr
95347,alf_Sgr
95372,2_Cyg
95398,2_Sge
95447,b_Aql/31_Aql
95477,chi01_Sgr/47_Sgr
95498,4_Vul
95501,del_Aql/30_Aql
95503,chi03_Sgr/49_Sgr
95556,4_Cyg
95560,5_Vul
95564,50_Sgr
95585,nu._Aql/32_Aql
95656,iot01_Cyg/7_Cyg
95771,alf_Vul/6_Vul
95785,8_Vul
95793,c_Aql/35_Aql
95818,7_Vul
95853,iot_Cyg/iot02_Cyg/10_Cyg
95932,mu._Tel
95937,e_Aql/36_Aql
95947,bet01_Cyg/6_Cyg_A/Albireo
95951,bet02_Cyg/6_Cyg_B
96052,8_Cyg
96100,sig_Dra/61_Dra
96229,mu._Aql/38_Aql
96275,9_Vul
96295,Campbell's star
96302,9_Cyg
96327,37_Aql
96341,iot_Tel
96387,11_Cyg
96406,h01_Sgr/51_Sgr
96441,the_Cyg/13_Cyg
96465,h02_Sgr/52_Sgr
96468,iot_Aql/41_Aql
96483,kap_Aql/39_Aql
96516,eps_Sge/4_Sge
96556,42_Aql
96665,sig_Aql/44_Aql
96683,phi_Cyg/12_Cyg
96693,14_Cyg
96729,53_Sgr
96757,alf_Sge/5_Sge
96807,45_Aql
96808,e01_Sgr/54_Sgr
96837,bet_Sge/6_Sge
96895,16_Cyg
96931,46_Aql
96950,e02_Sgr/55_Sgr
96957,chi_Aql/47_Aql
97077,10_Vul
97118,15_Cyg
97139,psi_Aql/48_Aql
97165,del_Cyg/18_Cyg
97229,ups_Aql/49_Aql
97278,gam_Aql/50_Aql/Tarazed
97290,f_Sgr/56_Sgr
97295,17_Cyg
97365,del_Sge/7_Sge
97421,nu._Tel
97433,eps_Dra/63_Dra
97473,pi._Aql/52_Aql
97496,zet_Sge/8_Sge
97629,chi_Cyg
97630,19_Cyg
97635,d_Cyg/20_Cyg
97649,alf_Aql/53_Aql/Altair
97650,51_Aql
97675,omi_Aql/54_Aql
97679,12_Vul
97783,57_Sgr
97796,9_Sge
97804,eta_Aql/55_Aql
97870,23_Cyg
97886,13_Vul
97928,56_Aql
97938,ksi_Aql/59_Aql
97966,57_Aql_A
97967,57_Aql_B
97980,58_Aql
98032,iot_Sgr
98036,bet_Aql/60_Aql/Alshain
98055,psi_Cyg/24_Cyg
98066,ome_Sgr/58_Sgr
98068,22_Cyg
98085,10_Sge
98103,phi_Aql/61_Aql
98110,eta_Cyg/21_Cyg
98162,b_Sgr/59_Sgr
98234,11_Sge
98258,g_Sgr/61_Sgr
98298,Cyg X-1
98337,gam_Sge/12_Sge
98353,60_Sgr
98375,14_Vul
98401,69_Dra
98412,the01_Sgr
98421,the02_Sgr
98425,25_Cyg
98438,13_Sge
98478,mu.01_Pav
98495,eps_Pav
98543,15_Vul
98571,e_Cyg/26_Cyg
98583,e_Dra/64_Dra
98624,mu.02_Pav
98633,63_Sgr
98636,16_Vul
98658,65_Dra
98688,c_Sgr/62_Sgr
98702,rho_Dra/67_Dra
98819,15_Sge
98823,tau_Aql/63_Aql
98844,62_Aql
98920,eta_Sge/16_Sge
98953,65_Sgr
98962,66_Dra
99031,b01_Cyg/27_Cyg
99080,17_Vul
99120,ksi_Tel
99171,64_Aql
99240,del_Pav
99255,kap_Cep/1_Cep
99303,b02_Cyg/28_Cyg
99352,the_Sge/17_Sge
99404,18_Vul
99473,the_Aql/65_Aql
99500,68_Dra
99518,19_Vul
99529,ksi01_Cap/1_Cap
99531,20_Vul
99572,ksi_Cap/ksi02_Cap/2_Cap
99631,66_Aql
99639,30_Cyg
99655,33_Cyg
99675,omi01_Cyg/31_Cyg
99738,21_Vul
99742,rho_Aql/67_Aql
99770,b03_Cyg/29_Cyg
99848,omi02_Cyg/32_Cyg
99853,22_Vul
99874,23_Vul
99913,18_Sge
99918,3_Cap
99951,24_Vul
100027,alf01_Cap/5_Cap
100044,P_Cyg/34_Cyg
100062,4_Cap
100064,alf02_Cap/6_Cap
100108,36_Cyg
100122,35_Cyg
100195,sig_Cap/7_Cap
100221,71_Dra
100310,nu._Cap/8_Cap
100325,bet02_Cap
100345,bet_Cap/bet01_Cap/9_Cap
100435,25_Vul
100453,gam_Cyg/37_Cyg
100469,kap01_Sgr
100587,39_Cyg
100591,kap02_Sgr
100751,alf_Pav
100859,43_Cyg
100881,pi._Cap/10_Cap
100907,40_Cyg
100965,75_Dra
100977,68_Aql
101027,rho_Cap/11_Cap
101067,42_Cyg
101076,41_Cyg
101082,74_Dra
101093,the_Cep/2_Cep
101101,69_Aql
101120,omi_Cap_B/12_Cap_B
101123,omi_Cap_A/12_Cap_A
101138,ome01_Cyg/45_Cyg
101160,1_Del
101214,44_Cyg
101243,ome02_Cyg/46_Cyg
101260,73_Dra
101421,eps_Del/2_Del
101474,47_Cyg
101477,nu._Mic
101483,eta_Del/3_Del
101589,zet_Del/4_Del
101612,phi01_Pav
101641,26_Vul
101692,70_Aql
101716,27_Vul
101765,48_Cyg
101769,bet_Del/6_Del
101772,alf_Ind
101773,rho_Pav
101800,iot_Del/5_Del
101847,l_Aql/71_Aql
101867,29_Vul
101868,28_Vul
101882,the_Del/8_Del
101916,kap_Del/7_Del
101923,tau_Cap/tau02_Cap/14_Cap
101936,1_Aqr
101958,alf_Del/9_Del
101983,phi02_Pav
101984,ups_Cap/15_Cap
102066,49_Cyg
102080,10_Del
102098,alf_Cyg/50_Cyg/Deneb
102125,mu.02_Oct
102157,ups_Pav
102162,mu.01_Oct
102177,51_Cyg
102208,76_Dra
102253,4_Cep
102281,del_Del/11_Del
102333,eta_Ind
102388,30_Vul
102395,bet_Pav
102422,eta_Cep/3_Cep
102453,52_Cyg
102485,psi_Cap/16_Cap
102487,17_Cap
102488,eps_Cyg/53_Cyg
102531,gam01_Del/12_Del_B
102532,gam02_Del/12_Del_A
102589,lam_Cyg/54_Cyg
102618,eps_Aqr/2_Aqr
102624,k_Aqr/3_Aqr
102633,13_Del
102693,iot_Mic
102724,55_Cyg
102773,sig_Pav
102790,zet_Ind
102805,15_Del
102819,14_Del
102831,alf_Mic
102843,56_Cyg
102945,4_Aqr
102950,iot_Ind
102978,ome_Cap/18_Cap
102989,bet_Mic
103004,31_Vul
103005,5_Aqr
103045,mu._Aqr/6_Aqr
103089,57_Cyg
103200,32_Vul
103226,19_Cap
103227,bet_Ind
103294,17_Del
103298,16_Del
103401,7_Aqr
103413,nu._Cyg/58_Cyg
103511,33_Vul
103527,18_Del
103569,eps_Equ/1_Equ
103616,20_Cap
103632,f01_Cyg/59_Cyg
103682,11_Aqr
103732,60_Cyg
103738,gam_Mic
103882,zet_Mic
103981,12_Aqr
104019,eta_Cap/22_Cap
104031,3_Equ
104043,alf_Oct
104060,ksi_Cyg/62_Cyg
104085,mu._Ind
104101,4_Equ
104139,the_Cap/23_Cap
104148,del_Mic
104177,eta_Mic
104194,f02_Cyg/63_Cyg
104214,61_Cyg_A
104217,61_Cyg_B
104234,24_Cap
104365,chi_Cap/25_Cap
104382,sig_Oct
104452,27_Cap
104459,nu._Aqr/13_Aqr
104521,gam_Equ/5_Equ
104538,6_Equ
104732,zet_Cyg/64_Cyg
104755,omi_Pav
104858,del_Equ/7_Equ
104887,tau_Cyg/65_Cyg
104963,phi_Cap/28_Cap
104974,29_Cap
104987,alf_Equ/8_Equ
105102,sig_Cyg/67_Cyg
105138,ups_Cyg/66_Cyg
105140,eps_Mic
105143,30_Cap
105164,15_Aqr
105168,31_Cap
105186,68_Cyg
105199,alf_Cep/5_Cep/Alderamin
105268,6_Cep
105319,the_Ind
105382,the01_Mic
105412,16_Aqr
105413,9_Equ
105502,1_Peg
105515,iot_Cap/32_Cap
105570,bet_Equ/10_Equ
105574,17_Aqr
105665,33_Cap
105668,18_Aqr
105696,the02_Mic
105729,20_Aqr
105761,19_Aqr
105767,21_Aqr
105811,69_Cyg
105841,gam_Ind
105858,gam_Pav
105881,zet_Cap/34_Cap
105928,35_Cap
105942,70_Cyg
105966,35_Vul
105972,7_Cep
106032,bet_Cep/8_Cep
106039,b_Cap/36_Cap
106067,5_PsA
106093,g_Cyg/71_Cyg
106140,2_Peg
106278,bet_Aqr/22_Aqr
106327,ksi_Gru
106340,6_PsA
106481,rho_Cyg/73_Cyg
106551,72_Cyg
106559,37_Cap
106654,8_PsA
106703,7_PsA
106711,74_Cyg
106723,eps_Cap/39_Cap
106783,3_Peg
106786,ksi_Aqr/23_Aqr
106787,5_Peg
106801,9_Cep
106856,4_Peg
106944,d_Aqr/25_Aqr
106985,gam_Cap/40_Cap
106999,75_Cyg
107089,nu._Oct
107095,42_Cap
107097,76_Cyg
107119,11_Cep
107128,41_Cap
107136,pi.01_Cyg/80_Cyg
107144,26_Aqr
107151,7_Peg
107162,77_Cyg
107188,kap_Cap/43_Cap
107232,44_Cap
107253,79_Cyg
107259,mu._Cep
107302,45_Cap
107310,mu.01_Cyg/mu.02_Cyg/78_Cyg
107315,eps_Peg/8_Peg/Enif
107348,9_Peg
107354,kap_Peg/10_Peg
107380,iot_PsA/9_PsA
107382,c_Cap/46_Cap
107418,nu._Cep/10_Cep
107472,12_Peg
107487,47_Cap
107517,lam_Cap/48_Cap
107533,pi.02_Cyg/81_Cyg
107556,del_Cap/49_Cap
107575,11_Peg
107586,12_Cep
107608,the_PsA/10_PsA
107763,14_Peg
107788,13_Peg
107835,omi_Ind
107843,lam_Oct
107975,15_Peg
108022,16_Peg
108036,mu._Cap/51_Cap
108085,gam_Gru
108165,13_Cep
108281,pi._Ind
108339,17_Peg
108431,del_Ind
108478,kap01_Ind
108535,16_Cep
108612,18_Peg
108661,eta_PsA/12_PsA
108691,28_Aqr
108693,20_Peg
108699,19_Peg
108772,14_Cep
108797,29_Aqr
108868,30_Aqr
108870,eps_Ind
108874,omi_Aqr/31_Aqr
108875,21_Peg
108917,ksi_Cep/17_Cep
108924,18_Cep
108952,13_PsA
108991,32_Aqr
109005,20_Cep
109017,19_Cep
109056,23_Peg
109068,nu._Peg/22_Peg
109074,alf_Aqr/34_Aqr/Sadalmelik
109081,kap02_Ind
109111,lam_Gru
109139,iot_Aqr/33_Aqr
109176,iot_Peg/24_Peg
109240,25_Peg
109268,alf_Gru/Alnair
109285,mu._PsA/14_PsA
109289,ups_PsA
109332,35_Aqr
109352,pi.01_Peg/27_Peg
109400,24_Cep
109410,pi._Peg/pi.02_Peg/29_Peg
109422,tau_PsA/15_PsA
109427,the_Peg/26_Peg
109458,28_Peg
109472,e_Aqr/38_Aqr
109492,zet_Cep/21_Cep
109556,lam_Cep/22_Cep
109624,39_Aqr
109786,41_Aqr
109789,lam_PsA/16_PsA
109857,eps_Cep/23_Cep
109908,mu.01_Gru
109937,1_Lac
109973,mu.02_Gru
110000,42_Aqr
110003,the_Aqr/43_Aqr
110023,44_Aqr
110078,psi_Oct
110103,25_Cep
110130,alf_Tuc
110179,45_Aqr
110256,eps_Oct
110273,rho_Aqr/46_Aqr
110298,30_Peg
110351,2_Lac
110371,32_Peg
110386,31_Peg
110391,47_Aqr
110395,gam_Aqr/48_Aqr
110478,pi.01_Gru
110506,pi.02_Gru
110529,49_Aqr
110538,bet_Lac/3_Lac
110548,33_Peg
110578,51_Aqr
110602,50_Aqr
110609,4_Lac
110618,nu._Ind
110672,pi._Aqr/52_Aqr
110778,53_Aqr
110785,34_Peg
110787,rho01_Cep/28_Cep
110817,26_Cep
110838,del_Tuc
110882,35_Peg
110893,Kruger 60
110936,nu._Gru
110960,zet01_Aqr/zet02_Aqr/55_Aqr
110986,36_Peg
110991,del_Cep/27_Cep
110997,del01_Gru
111022,5_Lac
111043,del02_Gru
111056,rho_Cep/29_Cep
111062,37_Peg
111068,38_Peg
111086,56_Aqr
111104,6_Lac
111123,sig_Aqr/57_Aqr
111138,zet_PsA
111169,alf_Lac/7_Lac
111188,bet_PsA/17_PsA
111196,ups_Oct
111200,58_Aqr
111278,39_Peg
111310,nu._Tuc
111394,60_Aqr
111449,ups_Aqr/59_Aqr
111497,eta_Aqr/62_Aqr
111532,31_Cep
111546,8_Lac
111594,sig01_Gru
111643,sig02_Gru
111674,9_Lac
111710,kap_Aqr/63_Aqr
111797,30_Cep
111810,40_Peg
111841,10_Lac
111884,41_Peg
111944,11_Lac
111954,eps_PsA/18_PsA
112029,zet_Peg/42_Peg
112031,12_Lac
112051,omi_Peg/43_Peg
112102,19_PsA
112122,bet_Gru
112158,eta_Peg/44_Peg
112179,67_Aqr
112203,rho_Gru
112211,g_Aqr/66_Aqr
112242,13_Lac
112247,Babcock's star
112358,45_Peg
112374,eta_Gru
112405,bet_Oct
112440,lam_Peg/47_Peg
112447,ksi_Peg/46_Peg
112529,68_Aqr
112542,tau01_Aqr/69_Aqr
112615,70_Aqr
112623,eps_Gru
112716,tau_Aqr/tau02_Aqr/71_Aqr
112724,iot_Cep/32_Cep
112748,mu._Peg/48_Peg
112778,14_Lac
112781,ksi_Oct
112862,21_PsA
112917,15_Lac
112935,sig_Peg/49_Peg
112948,gam_PsA/22_PsA
112961,lam_Aqr/73_Aqr
113031,74_Aqr
113044,tau01_Gru
113127,78_Aqr
113136,del_Aqr/76_Aqr
113137,rho_Ind
113148,77_Aqr
113167,1_Psc
113186,rho_Peg/50_Peg
113246,del_PsA/23_PsA
113281,16_Lac
113307,tau03_Gru
113357,51_Peg
113368,alf_PsA/24_PsA/Fomalhaut
113503,52_Peg
113521,2_Psc
113610,3_Psc
113638,zet_Gru
113674,81_Aqr
113726,omi_And/1_And
113781,82_Aqr
113788,2_And
113860,pi._PsA
113881,bet_Peg/53_Peg/Scheat
113889,bet_Psc/4_Psc
113919,3_And
113957,kap_Gru
113963,alf_Peg/54_Peg/Markab
113996,h_Aqr/83_Aqr
114104,1_Cas
114119,c01_Aqr/86_Aqr
114131,the_Gru
114132,ups_Gru
114144,55_Peg
114155,56_Peg
114200,4_And
114210,5_And
114222,pi._Cep/33_Cep
114273,5_Psc
114341,c02_Aqr/88_Aqr
114347,57_Peg
114365,2_Cas
114375,89_Aqr
114389,58_Peg
114421,iot_Gru
114430,6_And
114520,59_Peg
114526,60_Peg
114570,7_And
114724,phi_Aqr/90_Aqr
114844,61_Peg
114855,psi01_Aqr/91_Aqr
114939,chi_Aqr/92_Aqr
114971,gam_Psc/6_Psc
114996,gam_Tuc
115022,8_And
115033,psi02_Aqr/93_Aqr
115054,phi_Gru
115065,9_And
115088,omi_Cep/34_Cep
115102,gam_Scl
115115,psi03_Aqr/95_Aqr
115126,94_Aqr
115142,96_Aqr
115152,11_And
115191,10_And
115227,7_Psc
115250,tau_Peg/62_Peg
115271,63_Peg
115280,12_And
115355,64_Peg
115404,97_Aqr
115407,65_Peg
115438,b01_Aqr/98_Aqr
115444,66_Peg
115590,4_Cas
115591,67_Peg
115623,ups_Peg/68_Peg
115669,b02_Aqr/99_Aqr
115713,omi_Gru
115738,kap_Psc/8_Psc
115755,13_And
115768,9_Psc
115806,69_Peg
115830,the_Psc/10_Psc
115836,tau_Oct
115919,70_Peg
116076,14_And
116118,100_Aqr
116146,13_Psc
116231,bet_Scl
116247,b03_Aqr/101_Aqr
116264,71_Peg
116310,72_Peg
116323,14_Psc
116354,15_And
116355,73_Peg
116389,iot_Phe
116495,16_Psc
116584,lam_And/16_And
116592,74_Peg
116611,75_Peg
116631,iot_And/17_And
116709,18_And
116727,gam_Cep/35_Cep
116737,the_Phe
116758,ome01_Aqr/102_Aqr
116771,iot_Psc/17_Psc
116805,kap_And/19_And
116820,mu._Scl
116889,103_Aqr
116901,104_Aqr
116928,lam_Psc/18_Psc
116971,ome02_Aqr/105_Aqr
117020,77_Peg
117073,78_Peg
117089,i01_Aqr/106_Aqr
117218,i02_Aqr/107_Aqr
117221,psi_And/20_And
117245,19_Psc
117301,tau_Cas/5_Cas
117315,sig_Phe
117375,20_Psc
117447,6_Cas
117452,del_Scl
117491,21_Psc
117500,79_Peg
117628,80_Peg
117629,i03_Aqr/108_Aqr
117683,22_Psc
117689,gam01_Oct
117718,phi_Peg/81_Peg
117730,82_Peg
117761,24_Psc
117774,25_Psc
117863,rho_Cas/7_Cas
117927,26_Psc
118114,gam02_Oct
118121,eta_Tuc
118131,psi_Peg/84_Peg
118178,1_Cet
118209,27_Psc
118234,pi._Phe
118243,sig_Cas/8_Cas
118268,ome_Psc/28_Psc
118322,eps_Tuc
